<?xml version="1.0" encoding="utf-8"?>
<odoo>
    <data noupdate="1">
        <!-- Analytic Plans -->
        <record id="analytic_plan_season" model="account.analytic.plan">
            <field name="name">Season</field>
            <field name="default_applicability">optional</field>
        </record>
        <record id="analytic_plan_customer_type" model="account.analytic.plan">
            <field name="name">Customer Type</field>
            <field name="default_applicability">optional</field>
        </record>
    </data>
</odoo>
